model_id,source,url,license,license_verified,fragment_count,notes
live2d_001,1Natsume/live2d_model,https://github.com/1Natsume/live2d_model,,False,1,xinnong_5
live2d_002,51hhh/51hhh.github.io,https://github.com/51hhh/51hhh.github.io,,False,1,live2d-model-xiaohei
live2d_003,51hhh/51hhh.github.io,https://github.com/51hhh/51hhh.github.io,,False,0,live2d-model-xiaohei/表情
live2d_004,Arisego/UnrealLive2D,https://github.com/Arisego/UnrealLive2D,MIT,True,0,Content/Samples/Haru
live2d_005,Arisego/UnrealLive2D,https://github.com/Arisego/UnrealLive2D,MIT,True,0,Content/Samples/Hiyori
live2d_006,Arisego/UnrealLive2D,https://github.com/Arisego/UnrealLive2D,MIT,True,0,Content/Samples/Mark
live2d_007,Arisego/UnrealLive2D,https://github.com/Arisego/UnrealLive2D,MIT,True,0,Content/Samples/Natori
live2d_008,Arisego/UnrealLive2D,https://github.com/Arisego/UnrealLive2D,MIT,True,0,Content/Samples/Rice
live2d_009,CNbysec/Live2d-Model,https://github.com/CNbysec/Live2d-Model,,False,1,碧蓝航线/abeikelongbi_3
live2d_010,CNbysec/Live2d-Model,https://github.com/CNbysec/Live2d-Model,,False,1,碧蓝航线/abeikelongbi_3_hx
live2d_011,CNbysec/Live2d-Model,https://github.com/CNbysec/Live2d-Model,,False,1,碧蓝航线/aidang_2
live2d_012,CNbysec/Live2d-Model,https://github.com/CNbysec/Live2d-Model,,False,1,碧蓝航线/aierdeliqi_4
live2d_013,CNbysec/Live2d-Model,https://github.com/CNbysec/Live2d-Model,,False,2,碧蓝航线/aierdeliqi_5
live2d_014,CNbysec/Live2d-Model,https://github.com/CNbysec/Live2d-Model,,False,1,碧蓝航线/ailunsamuna_2
live2d_015,CNbysec/Live2d-Model,https://github.com/CNbysec/Live2d-Model,,False,1,碧蓝航线/ailunsamuna_2_hx
live2d_016,CNbysec/Live2d-Model,https://github.com/CNbysec/Live2d-Model,,False,2,碧蓝航线/aimierbeierding_2
live2d_017,CNbysec/Live2d-Model,https://github.com/CNbysec/Live2d-Model,,False,1,碧蓝航线/aimierbeierding_3
live2d_018,CNbysec/Live2d-Model,https://github.com/CNbysec/Live2d-Model,,False,1,碧蓝航线/aimierbeierding_3_hx
live2d_019,CNbysec/Live2d-Model,https://github.com/CNbysec/Live2d-Model,,False,2,碧蓝航线/aisaikesi_4
live2d_020,CNbysec/Live2d-Model,https://github.com/CNbysec/Live2d-Model,,False,1,碧蓝航线/baerdimo_5
live2d_021,CNbysec/Live2d-Model,https://github.com/CNbysec/Live2d-Model,,False,1,碧蓝航线/banrenma_2
live2d_022,CNbysec/Live2d-Model,https://github.com/CNbysec/Live2d-Model,,False,1,碧蓝航线/beierfasite_2
live2d_023,CNbysec/Live2d-Model,https://github.com/CNbysec/Live2d-Model,,False,1,碧蓝航线/beikaluolaina_2
live2d_024,CNbysec/Live2d-Model,https://github.com/CNbysec/Live2d-Model,,False,1,碧蓝航线/beikaluolaina_2_hx
live2d_025,CNbysec/Live2d-Model,https://github.com/CNbysec/Live2d-Model,,False,1,碧蓝航线/biaoqiang_3
live2d_026,CNbysec/Live2d-Model,https://github.com/CNbysec/Live2d-Model,,False,1,碧蓝航线/bisimai_2
live2d_027,CNbysec/Live2d-Model,https://github.com/CNbysec/Live2d-Model,,False,1,碧蓝航线/bola_2
live2d_028,CNbysec/Live2d-Model,https://github.com/CNbysec/Live2d-Model,,False,1,碧蓝航线/boyixi_2
live2d_029,CNbysec/Live2d-Model,https://github.com/CNbysec/Live2d-Model,,False,2,碧蓝航线/bulaimodun_4
live2d_030,CNbysec/Live2d-Model,https://github.com/CNbysec/Live2d-Model,,False,1,碧蓝航线/chaijun_3
live2d_031,CNbysec/Live2d-Model,https://github.com/CNbysec/Live2d-Model,,False,1,碧蓝航线/chaijun_4
live2d_032,CNbysec/Live2d-Model,https://github.com/CNbysec/Live2d-Model,,False,1,碧蓝航线/chaijun_4_hx
live2d_033,CNbysec/Live2d-Model,https://github.com/CNbysec/Live2d-Model,,False,1,碧蓝航线/chuixue_3
live2d_034,CNbysec/Live2d-Model,https://github.com/CNbysec/Live2d-Model,,False,1,碧蓝航线/dafeng_2
live2d_035,CNbysec/Live2d-Model,https://github.com/CNbysec/Live2d-Model,,False,1,碧蓝航线/dafeng_2_hx
live2d_036,CNbysec/Live2d-Model,https://github.com/CNbysec/Live2d-Model,,False,1,碧蓝航线/dafeng_4
live2d_037,CNbysec/Live2d-Model,https://github.com/CNbysec/Live2d-Model,,False,1,碧蓝航线/daofeng_4
live2d_038,CNbysec/Live2d-Model,https://github.com/CNbysec/Live2d-Model,,False,1,碧蓝航线/deyizhi_3
live2d_039,CNbysec/Live2d-Model,https://github.com/CNbysec/Live2d-Model,,False,1,碧蓝航线/dujiaoshou_4
live2d_040,CNbysec/Live2d-Model,https://github.com/CNbysec/Live2d-Model,,False,1,碧蓝航线/dujiaoshou_6
live2d_041,CNbysec/Live2d-Model,https://github.com/CNbysec/Live2d-Model,,False,1,碧蓝航线/dunkeerke_2
live2d_042,CNbysec/Live2d-Model,https://github.com/CNbysec/Live2d-Model,,False,1,碧蓝航线/edu_3
live2d_043,CNbysec/Live2d-Model,https://github.com/CNbysec/Live2d-Model,,False,1,碧蓝航线/edu_3_hx
live2d_044,CNbysec/Live2d-Model,https://github.com/CNbysec/Live2d-Model,,False,1,碧蓝航线/edu_4
live2d_045,CNbysec/Live2d-Model,https://github.com/CNbysec/Live2d-Model,,False,1,碧蓝航线/genaisennao_2
live2d_046,CNbysec/Live2d-Model,https://github.com/CNbysec/Live2d-Model,,False,1,碧蓝航线/guangrong_3
live2d_047,CNbysec/Live2d-Model,https://github.com/CNbysec/Live2d-Model,,False,1,碧蓝航线/heitaizi_2
live2d_048,CNbysec/Live2d-Model,https://github.com/CNbysec/Live2d-Model,,False,1,碧蓝航线/hemin_2
live2d_049,CNbysec/Live2d-Model,https://github.com/CNbysec/Live2d-Model,,False,1,碧蓝航线/hemin_3
live2d_050,CNbysec/Live2d-Model,https://github.com/CNbysec/Live2d-Model,,False,1,碧蓝航线/huangjiafangzhou_3
live2d_051,CNbysec/Live2d-Model,https://github.com/CNbysec/Live2d-Model,,False,1,碧蓝航线/huonululu_3
live2d_052,CNbysec/Live2d-Model,https://github.com/CNbysec/Live2d-Model,,False,2,碧蓝航线/huonululu_5
live2d_053,CNbysec/Live2d-Model,https://github.com/CNbysec/Live2d-Model,,False,1,碧蓝航线/jialisuoniye_4
live2d_054,CNbysec/Live2d-Model,https://github.com/CNbysec/Live2d-Model,,False,1,碧蓝航线/jianye_2
live2d_055,CNbysec/Live2d-Model,https://github.com/CNbysec/Live2d-Model,,False,1,碧蓝航线/jianye_2_hx
live2d_056,CNbysec/Live2d-Model,https://github.com/CNbysec/Live2d-Model,,False,1,碧蓝航线/junhe_5
live2d_057,CNbysec/Live2d-Model,https://github.com/CNbysec/Live2d-Model,,False,1,碧蓝航线/kelifulan_3
live2d_058,CNbysec/Live2d-Model,https://github.com/CNbysec/Live2d-Model,,False,1,碧蓝航线/kubo_2
live2d_059,CNbysec/Live2d-Model,https://github.com/CNbysec/Live2d-Model,,False,1,碧蓝航线/lafei_4
live2d_060,CNbysec/Live2d-Model,https://github.com/CNbysec/Live2d-Model,,False,1,碧蓝航线/lingbo_10
live2d_061,CNbysec/Live2d-Model,https://github.com/CNbysec/Live2d-Model,,False,1,碧蓝航线/linuo_3
live2d_062,CNbysec/Live2d-Model,https://github.com/CNbysec/Live2d-Model,,False,1,碧蓝航线/linuo_3_hx
live2d_063,CNbysec/Live2d-Model,https://github.com/CNbysec/Live2d-Model,,False,1,碧蓝航线/lisailiu_2
live2d_064,CNbysec/Live2d-Model,https://github.com/CNbysec/Live2d-Model,,False,1,碧蓝航线/lisailiu_3
live2d_065,CNbysec/Live2d-Model,https://github.com/CNbysec/Live2d-Model,,False,2,碧蓝航线/longfeng_2
live2d_066,CNbysec/Live2d-Model,https://github.com/CNbysec/Live2d-Model,,False,2,碧蓝航线/longfeng_2_hx
live2d_067,CNbysec/Live2d-Model,https://github.com/CNbysec/Live2d-Model,,False,1,碧蓝航线/luyijiushi_2
live2d_068,CNbysec/Live2d-Model,https://github.com/CNbysec/Live2d-Model,,False,1,碧蓝航线/nengdai_2
live2d_069,CNbysec/Live2d-Model,https://github.com/CNbysec/Live2d-Model,,False,1,碧蓝航线/ninghai_4
live2d_070,CNbysec/Live2d-Model,https://github.com/CNbysec/Live2d-Model,,False,2,碧蓝航线/ouruola_4
live2d_071,CNbysec/Live2d-Model,https://github.com/CNbysec/Live2d-Model,,False,1,碧蓝航线/pinghai_4
live2d_072,CNbysec/Live2d-Model,https://github.com/CNbysec/Live2d-Model,,False,2,碧蓝航线/pinghai_6
live2d_073,CNbysec/Live2d-Model,https://github.com/CNbysec/Live2d-Model,,False,2,碧蓝航线/qibolin_2
live2d_074,CNbysec/Live2d-Model,https://github.com/CNbysec/Live2d-Model,,False,1,碧蓝航线/rangbaer_3
live2d_075,CNbysec/Live2d-Model,https://github.com/CNbysec/Live2d-Model,,False,2,碧蓝航线/rangbaer_4
live2d_076,CNbysec/Live2d-Model,https://github.com/CNbysec/Live2d-Model,,False,2,碧蓝航线/shengluyisi_2
live2d_077,CNbysec/Live2d-Model,https://github.com/CNbysec/Live2d-Model,,False,2,碧蓝航线/shengluyisi_2_hx
live2d_078,CNbysec/Live2d-Model,https://github.com/CNbysec/Live2d-Model,,False,1,碧蓝航线/shengluyisi_3
live2d_079,CNbysec/Live2d-Model,https://github.com/CNbysec/Live2d-Model,,False,1,碧蓝航线/shengluyisi_4
live2d_080,CNbysec/Live2d-Model,https://github.com/CNbysec/Live2d-Model,,False,1,碧蓝航线/shitelasai_2
live2d_081,CNbysec/Live2d-Model,https://github.com/CNbysec/Live2d-Model,,False,1,碧蓝航线/sipeibojue_5
live2d_082,CNbysec/Live2d-Model,https://github.com/CNbysec/Live2d-Model,,False,2,碧蓝航线/taiyuan_2
live2d_083,CNbysec/Live2d-Model,https://github.com/CNbysec/Live2d-Model,,False,1,碧蓝航线/tianlangxing_3
live2d_084,CNbysec/Live2d-Model,https://github.com/CNbysec/Live2d-Model,,False,2,碧蓝航线/tierbici_2
live2d_085,CNbysec/Live2d-Model,https://github.com/CNbysec/Live2d-Model,,False,1,碧蓝航线/weineituo_2
live2d_086,CNbysec/Live2d-Model,https://github.com/CNbysec/Live2d-Model,,False,2,碧蓝航线/weixi_2
live2d_087,CNbysec/Live2d-Model,https://github.com/CNbysec/Live2d-Model,,False,1,碧蓝航线/weiyan_2
live2d_088,CNbysec/Live2d-Model,https://github.com/CNbysec/Live2d-Model,,False,1,碧蓝航线/wuqi_2
live2d_089,CNbysec/Live2d-Model,https://github.com/CNbysec/Live2d-Model,,False,1,碧蓝航线/xianghe_2
live2d_090,CNbysec/Live2d-Model,https://github.com/CNbysec/Live2d-Model,,False,1,碧蓝航线/xixuegui_4
live2d_091,CNbysec/Live2d-Model,https://github.com/CNbysec/Live2d-Model,,False,1,碧蓝航线/xuefeng_3
live2d_092,CNbysec/Live2d-Model,https://github.com/CNbysec/Live2d-Model,,False,1,碧蓝航线/xukufu_2
live2d_093,CNbysec/Live2d-Model,https://github.com/CNbysec/Live2d-Model,,False,1,碧蓝航线/xukufu_3
live2d_094,CNbysec/Live2d-Model,https://github.com/CNbysec/Live2d-Model,,False,1,碧蓝航线/xukufu_3_hx
live2d_095,CNbysec/Live2d-Model,https://github.com/CNbysec/Live2d-Model,,False,1,碧蓝航线/yichui_2
live2d_096,CNbysec/Live2d-Model,https://github.com/CNbysec/Live2d-Model,,False,2,碧蓝航线/z46_2
live2d_097,CNbysec/Live2d-Model,https://github.com/CNbysec/Live2d-Model,,False,1,碧蓝航线/z46_3
live2d_098,CNbysec/Live2d-Model,https://github.com/CNbysec/Live2d-Model,,False,2,碧蓝航线/z46_4
live2d_099,CNbysec/Live2d-Model,https://github.com/CNbysec/Live2d-Model,,False,1,碧蓝航线/zhala_2
live2d_100,Chaoray/AzurLane-Live2D-Viewer,https://github.com/Chaoray/AzurLane-Live2D-Viewer,,False,1,live2d/abeikelongbi_3
live2d_101,Chaoray/AzurLane-Live2D-Viewer,https://github.com/Chaoray/AzurLane-Live2D-Viewer,,False,1,live2d/abeikelongbi_3_hx
live2d_102,Chaoray/AzurLane-Live2D-Viewer,https://github.com/Chaoray/AzurLane-Live2D-Viewer,,False,1,live2d/adaerbote_2
live2d_103,Chaoray/AzurLane-Live2D-Viewer,https://github.com/Chaoray/AzurLane-Live2D-Viewer,,False,2,live2d/aerbien_3
live2d_104,Chaoray/AzurLane-Live2D-Viewer,https://github.com/Chaoray/AzurLane-Live2D-Viewer,,False,1,live2d/aersasi_2
live2d_105,Chaoray/AzurLane-Live2D-Viewer,https://github.com/Chaoray/AzurLane-Live2D-Viewer,,False,1,live2d/aidang_2
live2d_106,Chaoray/AzurLane-Live2D-Viewer,https://github.com/Chaoray/AzurLane-Live2D-Viewer,,False,1,live2d/aierdeliqi_4
live2d_107,Chaoray/AzurLane-Live2D-Viewer,https://github.com/Chaoray/AzurLane-Live2D-Viewer,,False,2,live2d/aierdeliqi_5
live2d_108,Chaoray/AzurLane-Live2D-Viewer,https://github.com/Chaoray/AzurLane-Live2D-Viewer,,False,1,live2d/aijier_2
live2d_109,Chaoray/AzurLane-Live2D-Viewer,https://github.com/Chaoray/AzurLane-Live2D-Viewer,,False,2,live2d/aijier_3
live2d_110,Chaoray/AzurLane-Live2D-Viewer,https://github.com/Chaoray/AzurLane-Live2D-Viewer,,False,1,live2d/ailunsamuna_2
live2d_111,Chaoray/AzurLane-Live2D-Viewer,https://github.com/Chaoray/AzurLane-Live2D-Viewer,,False,1,live2d/ailunsamuna_2_hx
live2d_112,Chaoray/AzurLane-Live2D-Viewer,https://github.com/Chaoray/AzurLane-Live2D-Viewer,,False,1,live2d/ailunsamuna_3
live2d_113,Chaoray/AzurLane-Live2D-Viewer,https://github.com/Chaoray/AzurLane-Live2D-Viewer,,False,2,live2d/aimierbeierding_2
live2d_114,Chaoray/AzurLane-Live2D-Viewer,https://github.com/Chaoray/AzurLane-Live2D-Viewer,,False,1,live2d/aimierbeierding_3
live2d_115,Chaoray/AzurLane-Live2D-Viewer,https://github.com/Chaoray/AzurLane-Live2D-Viewer,,False,1,live2d/aimierbeierding_3_hx
live2d_116,Chaoray/AzurLane-Live2D-Viewer,https://github.com/Chaoray/AzurLane-Live2D-Viewer,,False,1,live2d/aimudeng_2
live2d_117,Chaoray/AzurLane-Live2D-Viewer,https://github.com/Chaoray/AzurLane-Live2D-Viewer,,False,1,live2d/aimudeng_2_hx
live2d_118,Chaoray/AzurLane-Live2D-Viewer,https://github.com/Chaoray/AzurLane-Live2D-Viewer,,False,2,live2d/aisaikesi_4
live2d_119,Chaoray/AzurLane-Live2D-Viewer,https://github.com/Chaoray/AzurLane-Live2D-Viewer,,False,1,live2d/ankeleiqi_2
live2d_120,Chaoray/AzurLane-Live2D-Viewer,https://github.com/Chaoray/AzurLane-Live2D-Viewer,,False,1,live2d/ankeleiqi_2_hx
live2d_121,Chaoray/AzurLane-Live2D-Viewer,https://github.com/Chaoray/AzurLane-Live2D-Viewer,,False,1,live2d/ankeleiqi_3
live2d_122,Chaoray/AzurLane-Live2D-Viewer,https://github.com/Chaoray/AzurLane-Live2D-Viewer,,False,1,live2d/baerdimo_5
live2d_123,Chaoray/AzurLane-Live2D-Viewer,https://github.com/Chaoray/AzurLane-Live2D-Viewer,,False,1,live2d/baerdimo_6
live2d_124,Chaoray/AzurLane-Live2D-Viewer,https://github.com/Chaoray/AzurLane-Live2D-Viewer,,False,1,live2d/bailong_3
live2d_125,Chaoray/AzurLane-Live2D-Viewer,https://github.com/Chaoray/AzurLane-Live2D-Viewer,,False,1,live2d/banrenma_2
live2d_126,Chaoray/AzurLane-Live2D-Viewer,https://github.com/Chaoray/AzurLane-Live2D-Viewer,,False,1,live2d/beianpudunii_2
live2d_127,Chaoray/AzurLane-Live2D-Viewer,https://github.com/Chaoray/AzurLane-Live2D-Viewer,,False,1,live2d/beierfasite_2
live2d_128,Chaoray/AzurLane-Live2D-Viewer,https://github.com/Chaoray/AzurLane-Live2D-Viewer,,False,1,live2d/beikaluolaina_2
live2d_129,Chaoray/AzurLane-Live2D-Viewer,https://github.com/Chaoray/AzurLane-Live2D-Viewer,,False,1,live2d/beikaluolaina_2_hx
live2d_130,Chaoray/AzurLane-Live2D-Viewer,https://github.com/Chaoray/AzurLane-Live2D-Viewer,,False,7,live2d/biaoqiang
live2d_131,Chaoray/AzurLane-Live2D-Viewer,https://github.com/Chaoray/AzurLane-Live2D-Viewer,,False,1,live2d/biaoqiang_3
live2d_132,Chaoray/AzurLane-Live2D-Viewer,https://github.com/Chaoray/AzurLane-Live2D-Viewer,,False,1,live2d/bisimai_2
live2d_133,Chaoray/AzurLane-Live2D-Viewer,https://github.com/Chaoray/AzurLane-Live2D-Viewer,,False,1,live2d/bola_2
live2d_134,Chaoray/AzurLane-Live2D-Viewer,https://github.com/Chaoray/AzurLane-Live2D-Viewer,,False,1,live2d/boyixi_2
live2d_135,Chaoray/AzurLane-Live2D-Viewer,https://github.com/Chaoray/AzurLane-Live2D-Viewer,,False,1,live2d/bulaimodun_2
live2d_136,Chaoray/AzurLane-Live2D-Viewer,https://github.com/Chaoray/AzurLane-Live2D-Viewer,,False,2,live2d/bulaimodun_4
live2d_137,Chaoray/AzurLane-Live2D-Viewer,https://github.com/Chaoray/AzurLane-Live2D-Viewer,,False,1,live2d/bulaimodun_5
live2d_138,Chaoray/AzurLane-Live2D-Viewer,https://github.com/Chaoray/AzurLane-Live2D-Viewer,,False,1,live2d/buleisite_2
live2d_139,Chaoray/AzurLane-Live2D-Viewer,https://github.com/Chaoray/AzurLane-Live2D-Viewer,,False,1,live2d/chaijun_3
live2d_140,Chaoray/AzurLane-Live2D-Viewer,https://github.com/Chaoray/AzurLane-Live2D-Viewer,,False,1,live2d/chaijun_4
live2d_141,Chaoray/AzurLane-Live2D-Viewer,https://github.com/Chaoray/AzurLane-Live2D-Viewer,,False,1,live2d/chaijun_4_hx
live2d_142,Chaoray/AzurLane-Live2D-Viewer,https://github.com/Chaoray/AzurLane-Live2D-Viewer,,False,1,live2d/chicheng_5
live2d_143,Chaoray/AzurLane-Live2D-Viewer,https://github.com/Chaoray/AzurLane-Live2D-Viewer,,False,1,live2d/chuixue_3
live2d_144,Chaoray/AzurLane-Live2D-Viewer,https://github.com/Chaoray/AzurLane-Live2D-Viewer,,False,1,live2d/chuyue_2
live2d_145,Chaoray/AzurLane-Live2D-Viewer,https://github.com/Chaoray/AzurLane-Live2D-Viewer,,False,1,live2d/dafeng_2
live2d_146,Chaoray/AzurLane-Live2D-Viewer,https://github.com/Chaoray/AzurLane-Live2D-Viewer,,False,1,live2d/dafeng_2_hx
live2d_147,Chaoray/AzurLane-Live2D-Viewer,https://github.com/Chaoray/AzurLane-Live2D-Viewer,,False,1,live2d/dafeng_3
live2d_148,Chaoray/AzurLane-Live2D-Viewer,https://github.com/Chaoray/AzurLane-Live2D-Viewer,,False,1,live2d/dafeng_4
live2d_149,Chaoray/AzurLane-Live2D-Viewer,https://github.com/Chaoray/AzurLane-Live2D-Viewer,,False,1,live2d/dafeng_6
live2d_150,Chaoray/AzurLane-Live2D-Viewer,https://github.com/Chaoray/AzurLane-Live2D-Viewer,,False,1,live2d/daofeng_4
live2d_151,Chaoray/AzurLane-Live2D-Viewer,https://github.com/Chaoray/AzurLane-Live2D-Viewer,,False,1,live2d/daofeng_5
live2d_152,Chaoray/AzurLane-Live2D-Viewer,https://github.com/Chaoray/AzurLane-Live2D-Viewer,,False,1,live2d/daofeng_5_hx
live2d_153,Chaoray/AzurLane-Live2D-Viewer,https://github.com/Chaoray/AzurLane-Live2D-Viewer,,False,2,live2d/dewenjun_2
live2d_154,Chaoray/AzurLane-Live2D-Viewer,https://github.com/Chaoray/AzurLane-Live2D-Viewer,,False,1,live2d/deyizhi_3
live2d_155,Chaoray/AzurLane-Live2D-Viewer,https://github.com/Chaoray/AzurLane-Live2D-Viewer,,False,1,live2d/dujiaoshou_4
live2d_156,Chaoray/AzurLane-Live2D-Viewer,https://github.com/Chaoray/AzurLane-Live2D-Viewer,,False,1,live2d/dujiaoshou_6
live2d_157,Chaoray/AzurLane-Live2D-Viewer,https://github.com/Chaoray/AzurLane-Live2D-Viewer,,False,1,live2d/dunkeerke_2
live2d_158,Chaoray/AzurLane-Live2D-Viewer,https://github.com/Chaoray/AzurLane-Live2D-Viewer,,False,1,live2d/edu_3
live2d_159,Chaoray/AzurLane-Live2D-Viewer,https://github.com/Chaoray/AzurLane-Live2D-Viewer,,False,1,live2d/edu_3_hx
live2d_160,Chaoray/AzurLane-Live2D-Viewer,https://github.com/Chaoray/AzurLane-Live2D-Viewer,,False,1,live2d/edu_4
live2d_161,Chaoray/AzurLane-Live2D-Viewer,https://github.com/Chaoray/AzurLane-Live2D-Viewer,,False,1,live2d/fengyun_4
live2d_162,Chaoray/AzurLane-Live2D-Viewer,https://github.com/Chaoray/AzurLane-Live2D-Viewer,,False,1,live2d/geliqiya_2
live2d_163,Chaoray/AzurLane-Live2D-Viewer,https://github.com/Chaoray/AzurLane-Live2D-Viewer,,False,1,live2d/genaisennao_2
live2d_164,Chaoray/AzurLane-Live2D-Viewer,https://github.com/Chaoray/AzurLane-Live2D-Viewer,,False,1,live2d/guandao_2
live2d_165,Chaoray/AzurLane-Live2D-Viewer,https://github.com/Chaoray/AzurLane-Live2D-Viewer,,False,1,live2d/guangrong_3
live2d_166,Chaoray/AzurLane-Live2D-Viewer,https://github.com/Chaoray/AzurLane-Live2D-Viewer,,False,1,live2d/hailunna_4
live2d_167,Chaoray/AzurLane-Live2D-Viewer,https://github.com/Chaoray/AzurLane-Live2D-Viewer,,False,1,live2d/haiyinlixi_2
live2d_168,Chaoray/AzurLane-Live2D-Viewer,https://github.com/Chaoray/AzurLane-Live2D-Viewer,,False,1,live2d/heitaizi_2
live2d_169,Chaoray/AzurLane-Live2D-Viewer,https://github.com/Chaoray/AzurLane-Live2D-Viewer,,False,1,live2d/hemin_2
live2d_170,Chaoray/AzurLane-Live2D-Viewer,https://github.com/Chaoray/AzurLane-Live2D-Viewer,,False,1,live2d/hemin_3
live2d_171,Chaoray/AzurLane-Live2D-Viewer,https://github.com/Chaoray/AzurLane-Live2D-Viewer,,False,1,live2d/huangjiafangzhou_3
live2d_172,Chaoray/AzurLane-Live2D-Viewer,https://github.com/Chaoray/AzurLane-Live2D-Viewer,,False,1,live2d/huonululu_3
live2d_173,Chaoray/AzurLane-Live2D-Viewer,https://github.com/Chaoray/AzurLane-Live2D-Viewer,,False,2,live2d/huonululu_5
live2d_174,Chaoray/AzurLane-Live2D-Viewer,https://github.com/Chaoray/AzurLane-Live2D-Viewer,,False,1,live2d/jialisuoniye_3
live2d_175,Chaoray/AzurLane-Live2D-Viewer,https://github.com/Chaoray/AzurLane-Live2D-Viewer,,False,1,live2d/jialisuoniye_3_hx
live2d_176,Chaoray/AzurLane-Live2D-Viewer,https://github.com/Chaoray/AzurLane-Live2D-Viewer,,False,1,live2d/jialisuoniye_4
live2d_177,Chaoray/AzurLane-Live2D-Viewer,https://github.com/Chaoray/AzurLane-Live2D-Viewer,,False,1,live2d/jianye_2
live2d_178,Chaoray/AzurLane-Live2D-Viewer,https://github.com/Chaoray/AzurLane-Live2D-Viewer,,False,1,live2d/jianye_2_hx
live2d_179,Chaoray/AzurLane-Live2D-Viewer,https://github.com/Chaoray/AzurLane-Live2D-Viewer,,False,1,live2d/jianye_3
live2d_180,Chaoray/AzurLane-Live2D-Viewer,https://github.com/Chaoray/AzurLane-Live2D-Viewer,,False,2,live2d/jianye_4
live2d_181,Chaoray/AzurLane-Live2D-Viewer,https://github.com/Chaoray/AzurLane-Live2D-Viewer,,False,1,live2d/jiluofu_3
live2d_182,Chaoray/AzurLane-Live2D-Viewer,https://github.com/Chaoray/AzurLane-Live2D-Viewer,,False,2,live2d/jinluhao_2
live2d_183,Chaoray/AzurLane-Live2D-Viewer,https://github.com/Chaoray/AzurLane-Live2D-Viewer,,False,1,live2d/jiuyun_2
live2d_184,Chaoray/AzurLane-Live2D-Viewer,https://github.com/Chaoray/AzurLane-Live2D-Viewer,,False,1,live2d/junhe_4
live2d_185,Chaoray/AzurLane-Live2D-Viewer,https://github.com/Chaoray/AzurLane-Live2D-Viewer,,False,1,live2d/junhe_5
live2d_186,Chaoray/AzurLane-Live2D-Viewer,https://github.com/Chaoray/AzurLane-Live2D-Viewer,,False,1,live2d/kalangshitade_2
live2d_187,Chaoray/AzurLane-Live2D-Viewer,https://github.com/Chaoray/AzurLane-Live2D-Viewer,,False,1,live2d/kalvbudisi_2
live2d_188,Chaoray/AzurLane-Live2D-Viewer,https://github.com/Chaoray/AzurLane-Live2D-Viewer,,False,1,live2d/kelaimengsuo_2
live2d_189,Chaoray/AzurLane-Live2D-Viewer,https://github.com/Chaoray/AzurLane-Live2D-Viewer,,False,1,live2d/kelifulan_3
live2d_190,Chaoray/AzurLane-Live2D-Viewer,https://github.com/Chaoray/AzurLane-Live2D-Viewer,,False,1,live2d/kelifulan_8
live2d_191,Chaoray/AzurLane-Live2D-Viewer,https://github.com/Chaoray/AzurLane-Live2D-Viewer,,False,1,live2d/kewei_4
live2d_192,Chaoray/AzurLane-Live2D-Viewer,https://github.com/Chaoray/AzurLane-Live2D-Viewer,,False,1,live2d/kubo_2
live2d_193,Chaoray/AzurLane-Live2D-Viewer,https://github.com/Chaoray/AzurLane-Live2D-Viewer,,False,1,live2d/kuersike_2
live2d_194,Chaoray/AzurLane-Live2D-Viewer,https://github.com/Chaoray/AzurLane-Live2D-Viewer,,False,6,live2d/lafei
live2d_195,Chaoray/AzurLane-Live2D-Viewer,https://github.com/Chaoray/AzurLane-Live2D-Viewer,,False,1,live2d/lafei_4
live2d_196,Chaoray/AzurLane-Live2D-Viewer,https://github.com/Chaoray/AzurLane-Live2D-Viewer,,False,1,live2d/lafeiii_3
live2d_197,Chaoray/AzurLane-Live2D-Viewer,https://github.com/Chaoray/AzurLane-Live2D-Viewer,,False,1,live2d/leigensibao_2
live2d_198,Chaoray/AzurLane-Live2D-Viewer,https://github.com/Chaoray/AzurLane-Live2D-Viewer,,False,4,live2d/lingbo
live2d_199,Chaoray/AzurLane-Live2D-Viewer,https://github.com/Chaoray/AzurLane-Live2D-Viewer,,False,1,live2d/lingbo_10
live2d_200,Chaoray/AzurLane-Live2D-Viewer,https://github.com/Chaoray/AzurLane-Live2D-Viewer,,False,1,live2d/linuo_3
live2d_201,Chaoray/AzurLane-Live2D-Viewer,https://github.com/Chaoray/AzurLane-Live2D-Viewer,,False,1,live2d/linuo_3_hx
live2d_202,Chaoray/AzurLane-Live2D-Viewer,https://github.com/Chaoray/AzurLane-Live2D-Viewer,,False,1,live2d/lisailiu_2
live2d_203,Chaoray/AzurLane-Live2D-Viewer,https://github.com/Chaoray/AzurLane-Live2D-Viewer,,False,1,live2d/lisailiu_3
live2d_204,Chaoray/AzurLane-Live2D-Viewer,https://github.com/Chaoray/AzurLane-Live2D-Viewer,,False,2,live2d/longfeng_2
live2d_205,Chaoray/AzurLane-Live2D-Viewer,https://github.com/Chaoray/AzurLane-Live2D-Viewer,,False,2,live2d/longfeng_2_hx
live2d_206,Chaoray/AzurLane-Live2D-Viewer,https://github.com/Chaoray/AzurLane-Live2D-Viewer,,False,2,live2d/longwu_2
live2d_207,Chaoray/AzurLane-Live2D-Viewer,https://github.com/Chaoray/AzurLane-Live2D-Viewer,,False,1,live2d/luoen_4
live2d_208,Chaoray/AzurLane-Live2D-Viewer,https://github.com/Chaoray/AzurLane-Live2D-Viewer,,False,1,live2d/luoma_2
live2d_209,Chaoray/AzurLane-Live2D-Viewer,https://github.com/Chaoray/AzurLane-Live2D-Viewer,,False,1,live2d/lupuleixite_2
live2d_210,Chaoray/AzurLane-Live2D-Viewer,https://github.com/Chaoray/AzurLane-Live2D-Viewer,,False,1,live2d/luyijiushi_2
live2d_211,Chaoray/AzurLane-Live2D-Viewer,https://github.com/Chaoray/AzurLane-Live2D-Viewer,,False,2,live2d/lvzuofu_2
live2d_212,Chaoray/AzurLane-Live2D-Viewer,https://github.com/Chaoray/AzurLane-Live2D-Viewer,,False,1,live2d/maliluosi_3_doa
live2d_213,Chaoray/AzurLane-Live2D-Viewer,https://github.com/Chaoray/AzurLane-Live2D-Viewer,,False,1,live2d/mingshi
live2d_214,Chaoray/AzurLane-Live2D-Viewer,https://github.com/Chaoray/AzurLane-Live2D-Viewer,,False,2,live2d/mojiaduoer_2
live2d_215,Chaoray/AzurLane-Live2D-Viewer,https://github.com/Chaoray/AzurLane-Live2D-Viewer,,False,1,live2d/nengdai_2
live2d_216,Chaoray/AzurLane-Live2D-Viewer,https://github.com/Chaoray/AzurLane-Live2D-Viewer,,False,1,live2d/nengdai_3
live2d_217,Chaoray/AzurLane-Live2D-Viewer,https://github.com/Chaoray/AzurLane-Live2D-Viewer,,False,1,live2d/ninghai_4
live2d_218,Chaoray/AzurLane-Live2D-Viewer,https://github.com/Chaoray/AzurLane-Live2D-Viewer,,False,1,live2d/ougen_5
live2d_219,Chaoray/AzurLane-Live2D-Viewer,https://github.com/Chaoray/AzurLane-Live2D-Viewer,,False,1,live2d/ougen_6
live2d_220,Chaoray/AzurLane-Live2D-Viewer,https://github.com/Chaoray/AzurLane-Live2D-Viewer,,False,1,live2d/ougen_6_hx
live2d_221,Chaoray/AzurLane-Live2D-Viewer,https://github.com/Chaoray/AzurLane-Live2D-Viewer,,False,2,live2d/ouruola_4
live2d_222,Chaoray/AzurLane-Live2D-Viewer,https://github.com/Chaoray/AzurLane-Live2D-Viewer,,False,1,live2d/pinghai_4
live2d_223,Chaoray/AzurLane-Live2D-Viewer,https://github.com/Chaoray/AzurLane-Live2D-Viewer,,False,2,live2d/pinghai_6
live2d_224,Chaoray/AzurLane-Live2D-Viewer,https://github.com/Chaoray/AzurLane-Live2D-Viewer,,False,1,live2d/qianwei_2
live2d_225,Chaoray/AzurLane-Live2D-Viewer,https://github.com/Chaoray/AzurLane-Live2D-Viewer,,False,2,live2d/qibolin_2
live2d_226,Chaoray/AzurLane-Live2D-Viewer,https://github.com/Chaoray/AzurLane-Live2D-Viewer,,False,1,live2d/qiershazhi_2
live2d_227,Chaoray/AzurLane-Live2D-Viewer,https://github.com/Chaoray/AzurLane-Live2D-Viewer,,False,1,live2d/qiye_7
live2d_228,Chaoray/AzurLane-Live2D-Viewer,https://github.com/Chaoray/AzurLane-Live2D-Viewer,,False,1,live2d/qiye_7_hx
live2d_229,Chaoray/AzurLane-Live2D-Viewer,https://github.com/Chaoray/AzurLane-Live2D-Viewer,,False,1,live2d/qiye_9
live2d_230,Chaoray/AzurLane-Live2D-Viewer,https://github.com/Chaoray/AzurLane-Live2D-Viewer,,False,1,live2d/rangbaer_3
live2d_231,Chaoray/AzurLane-Live2D-Viewer,https://github.com/Chaoray/AzurLane-Live2D-Viewer,,False,2,live2d/rangbaer_4
live2d_232,Chaoray/AzurLane-Live2D-Viewer,https://github.com/Chaoray/AzurLane-Live2D-Viewer,,False,2,live2d/shengluyisi_2_hx
live2d_233,Chaoray/AzurLane-Live2D-Viewer,https://github.com/Chaoray/AzurLane-Live2D-Viewer,,False,1,live2d/shengluyisi_3
live2d_234,Chaoray/AzurLane-Live2D-Viewer,https://github.com/Chaoray/AzurLane-Live2D-Viewer,,False,1,live2d/shengluyisi_4
live2d_235,Chaoray/AzurLane-Live2D-Viewer,https://github.com/Chaoray/AzurLane-Live2D-Viewer,,False,2,live2d/shengluyisi_5
live2d_236,Chaoray/AzurLane-Live2D-Viewer,https://github.com/Chaoray/AzurLane-Live2D-Viewer,,False,1,live2d/shitelasai_2
live2d_237,Chaoray/AzurLane-Live2D-Viewer,https://github.com/Chaoray/AzurLane-Live2D-Viewer,,False,1,live2d/sipeibojue_5
live2d_238,Chaoray/AzurLane-Live2D-Viewer,https://github.com/Chaoray/AzurLane-Live2D-Viewer,,False,1,live2d/suweiaitongmeng_2
live2d_239,Chaoray/AzurLane-Live2D-Viewer,https://github.com/Chaoray/AzurLane-Live2D-Viewer,,False,2,live2d/taiyuan_2
live2d_240,Chaoray/AzurLane-Live2D-Viewer,https://github.com/Chaoray/AzurLane-Live2D-Viewer,,False,1,live2d/tiancheng_3
live2d_241,Chaoray/AzurLane-Live2D-Viewer,https://github.com/Chaoray/AzurLane-Live2D-Viewer,,False,1,live2d/tianlangxing_3
live2d_242,Chaoray/AzurLane-Live2D-Viewer,https://github.com/Chaoray/AzurLane-Live2D-Viewer,,False,2,live2d/tierbici_2
live2d_243,Chaoray/AzurLane-Live2D-Viewer,https://github.com/Chaoray/AzurLane-Live2D-Viewer,,False,1,live2d/weineituo_2
live2d_244,Chaoray/AzurLane-Live2D-Viewer,https://github.com/Chaoray/AzurLane-Live2D-Viewer,,False,2,live2d/weixi_2
live2d_245,Chaoray/AzurLane-Live2D-Viewer,https://github.com/Chaoray/AzurLane-Live2D-Viewer,,False,1,live2d/weiyan_2
live2d_246,Chaoray/AzurLane-Live2D-Viewer,https://github.com/Chaoray/AzurLane-Live2D-Viewer,,False,1,live2d/weiyan_4
live2d_247,Chaoray/AzurLane-Live2D-Viewer,https://github.com/Chaoray/AzurLane-Live2D-Viewer,,False,1,live2d/weiyan_4_hx
live2d_248,Chaoray/AzurLane-Live2D-Viewer,https://github.com/Chaoray/AzurLane-Live2D-Viewer,,False,1,live2d/weiyan_6
live2d_249,Chaoray/AzurLane-Live2D-Viewer,https://github.com/Chaoray/AzurLane-Live2D-Viewer,,False,1,live2d/wuerlixi_2
live2d_250,Chaoray/AzurLane-Live2D-Viewer,https://github.com/Chaoray/AzurLane-Live2D-Viewer,,False,1,live2d/wuerlixi_3
live2d_251,Chaoray/AzurLane-Live2D-Viewer,https://github.com/Chaoray/AzurLane-Live2D-Viewer,,False,1,live2d/wuqi_2
live2d_252,Chaoray/AzurLane-Live2D-Viewer,https://github.com/Chaoray/AzurLane-Live2D-Viewer,,False,1,live2d/xianghe_2
live2d_253,Chaoray/AzurLane-Live2D-Viewer,https://github.com/Chaoray/AzurLane-Live2D-Viewer,,False,1,live2d/xingdengbao_2
live2d_254,Chaoray/AzurLane-Live2D-Viewer,https://github.com/Chaoray/AzurLane-Live2D-Viewer,,False,1,live2d/xinnong_3
live2d_255,Chaoray/AzurLane-Live2D-Viewer,https://github.com/Chaoray/AzurLane-Live2D-Viewer,,False,1,live2d/xinnong_3_hx
live2d_256,Chaoray/AzurLane-Live2D-Viewer,https://github.com/Chaoray/AzurLane-Live2D-Viewer,,False,2,live2d/xinnong_4
live2d_257,Chaoray/AzurLane-Live2D-Viewer,https://github.com/Chaoray/AzurLane-Live2D-Viewer,,False,1,live2d/xinzexi_3
live2d_258,Chaoray/AzurLane-Live2D-Viewer,https://github.com/Chaoray/AzurLane-Live2D-Viewer,,False,1,live2d/xixuegui_4
live2d_259,Chaoray/AzurLane-Live2D-Viewer,https://github.com/Chaoray/AzurLane-Live2D-Viewer,,False,6,live2d/xuefeng
live2d_260,Chaoray/AzurLane-Live2D-Viewer,https://github.com/Chaoray/AzurLane-Live2D-Viewer,,False,1,live2d/xuefeng_3
live2d_261,Chaoray/AzurLane-Live2D-Viewer,https://github.com/Chaoray/AzurLane-Live2D-Viewer,,False,1,live2d/xukufu_2
live2d_262,Chaoray/AzurLane-Live2D-Viewer,https://github.com/Chaoray/AzurLane-Live2D-Viewer,,False,1,live2d/xukufu_3
live2d_263,Chaoray/AzurLane-Live2D-Viewer,https://github.com/Chaoray/AzurLane-Live2D-Viewer,,False,1,live2d/xukufu_3_hx
live2d_264,Chaoray/AzurLane-Live2D-Viewer,https://github.com/Chaoray/AzurLane-Live2D-Viewer,,False,1,live2d/yanusi_3
live2d_265,Chaoray/AzurLane-Live2D-Viewer,https://github.com/Chaoray/AzurLane-Live2D-Viewer,,False,2,live2d/yibei_3
live2d_266,Chaoray/AzurLane-Live2D-Viewer,https://github.com/Chaoray/AzurLane-Live2D-Viewer,,False,1,live2d/yichui_2
live2d_267,Chaoray/AzurLane-Live2D-Viewer,https://github.com/Chaoray/AzurLane-Live2D-Viewer,,False,1,live2d/yilishabai_6
live2d_268,Chaoray/AzurLane-Live2D-Viewer,https://github.com/Chaoray/AzurLane-Live2D-Viewer,,False,1,live2d/yingrui_3
live2d_269,Chaoray/AzurLane-Live2D-Viewer,https://github.com/Chaoray/AzurLane-Live2D-Viewer,,False,2,live2d/yingxianzuo_3
live2d_270,Chaoray/AzurLane-Live2D-Viewer,https://github.com/Chaoray/AzurLane-Live2D-Viewer,,False,1,live2d/yunxian_2
live2d_271,Chaoray/AzurLane-Live2D-Viewer,https://github.com/Chaoray/AzurLane-Live2D-Viewer,,False,5,live2d/z23
live2d_272,Chaoray/AzurLane-Live2D-Viewer,https://github.com/Chaoray/AzurLane-Live2D-Viewer,,False,5,live2d/z23_hx
live2d_273,Chaoray/AzurLane-Live2D-Viewer,https://github.com/Chaoray/AzurLane-Live2D-Viewer,,False,2,live2d/z46_2
live2d_274,Chaoray/AzurLane-Live2D-Viewer,https://github.com/Chaoray/AzurLane-Live2D-Viewer,,False,1,live2d/z46_3
live2d_275,Chaoray/AzurLane-Live2D-Viewer,https://github.com/Chaoray/AzurLane-Live2D-Viewer,,False,2,live2d/z46_4
live2d_276,Chaoray/AzurLane-Live2D-Viewer,https://github.com/Chaoray/AzurLane-Live2D-Viewer,,False,1,live2d/zhala_2
live2d_277,Chaoray/AzurLane-Live2D-Viewer,https://github.com/Chaoray/AzurLane-Live2D-Viewer,,False,1,live2d/zhaohe_3
live2d_278,Eason0729/live2d-pixi-template,https://github.com/Eason0729/live2d-pixi-template,,False,0,src/runtime
live2d_279,EasyLive2D/live2d-py,https://github.com/EasyLive2D/live2d-py,MIT,True,1,Resources/v3/nn
